{
    "acc_t": [
        0.9566166666666667,
        0.979,
        0.98525,
        0.9886666666666667,
        0.99055,
        0.9917833333333334,
        0.99315,
        0.9939166666666667,
        0.9945166666666667,
        0.9950333333333333,
        0.9955666666666667,
        0.9960333333333333,
        0.9965,
        0.9966666666666667,
        0.9967333333333334,
        0.997,
        0.9970666666666667,
        0.9972166666666666,
        0.9971666666666666,
        0.9971333333333333
    ],
    "acc_e": [
        0.9508,
        0.9588,
        0.9646,
        0.9663,
        0.9662,
        0.968,
        0.9681,
        0.9688,
        0.9699,
        0.9693,
        0.9688,
        0.9697,
        0.9712,
        0.9709,
        0.9708,
        0.9715,
        0.9714,
        0.9716,
        0.973,
        0.9708
    ]
}