{
    "acc_t": [
        0.93175,
        0.9563,
        0.9629,
        0.9665833333333333,
        0.9689833333333333,
        0.96965,
        0.9712333333333333,
        0.9714333333333334,
        0.97305,
        0.9744666666666667,
        0.9732,
        0.9742333333333333,
        0.9745666666666667,
        0.9747166666666667,
        0.97525,
        0.9756666666666667,
        0.9749833333333333,
        0.9759666666666666,
        0.97735,
        0.9767833333333333
    ],
    "acc_e": [
        0.9263,
        0.941,
        0.943,
        0.9501,
        0.9495,
        0.9491,
        0.9517,
        0.9433,
        0.9525,
        0.9503,
        0.9463,
        0.9488,
        0.9569,
        0.9534,
        0.9541,
        0.9496,
        0.957,
        0.9476,
        0.9546,
        0.9578
    ]
}