{
    "acc_t": [
        0.9003333333333333,
        0.9288,
        0.9382833333333334,
        0.94405,
        0.9479666666666666,
        0.9510333333333333,
        0.9532166666666667,
        0.9555666666666667,
        0.95705,
        0.95835,
        0.95995,
        0.9606666666666667,
        0.9612,
        0.9618166666666667,
        0.9627333333333333,
        0.9632666666666667,
        0.9638,
        0.9638166666666667,
        0.9641166666666666,
        0.9643666666666667
    ],
    "acc_e": [
        0.9116,
        0.919,
        0.9276,
        0.9322,
        0.9374,
        0.9403,
        0.942,
        0.9425,
        0.9434,
        0.9474,
        0.9463,
        0.9464,
        0.9474,
        0.9477,
        0.9459,
        0.9467,
        0.948,
        0.9471,
        0.947,
        0.9471
    ]
}