{
    "acc_t": [
        0.8199166666666666,
        0.8723333333333333,
        0.8855,
        0.8914333333333333,
        0.89825,
        0.9030666666666667,
        0.9078666666666667,
        0.9008833333333334,
        0.8969,
        0.9026833333333333,
        0.9112333333333333,
        0.92005,
        0.9265333333333333,
        0.9317833333333333,
        0.9363833333333333,
        0.93975,
        0.9425,
        0.9445,
        0.9464,
        0.9476333333333333
    ],
    "acc_e": [
        0.8701,
        0.8876,
        0.8944,
        0.9003,
        0.9056,
        0.909,
        0.9115,
        0.8979,
        0.8975,
        0.9045,
        0.9134,
        0.9188,
        0.9216,
        0.9261,
        0.9281,
        0.9293,
        0.9315,
        0.9328,
        0.9351,
        0.9363
    ]
}