{
    "acc_t": [
        0.9092833333333333,
        0.9504166666666667,
        0.9567666666666667,
        0.9572666666666667,
        0.9565,
        0.9557333333333333,
        0.9563666666666667,
        0.95685,
        0.9516,
        0.94625,
        0.9448666666666666,
        0.94485,
        0.94125,
        0.9366833333333333,
        0.93595,
        0.9348166666666666,
        0.9312166666666667,
        0.9267333333333333,
        0.9240666666666667,
        0.9247666666666666
    ],
    "acc_e": [
        0.9098,
        0.9159,
        0.9276,
        0.9272,
        0.9321,
        0.9281,
        0.9264,
        0.9195,
        0.9162,
        0.9119,
        0.9137,
        0.9172,
        0.9094,
        0.8982,
        0.905,
        0.8963,
        0.8993,
        0.889,
        0.8976,
        0.8944
    ]
}