{
    "acc_t": [
        0.8928833333333334,
        0.92455,
        0.9349,
        0.9412,
        0.94565,
        0.9495333333333333,
        0.9523,
        0.9545666666666667,
        0.95665,
        0.9585666666666667,
        0.9603666666666667,
        0.96215,
        0.9629333333333333,
        0.9642333333333334,
        0.9656666666666667,
        0.9665333333333334,
        0.9677333333333333,
        0.9686666666666667,
        0.9697,
        0.9705166666666667
    ],
    "acc_e": [
        0.9043,
        0.9172,
        0.9245,
        0.9295,
        0.9329,
        0.9341,
        0.9383,
        0.9401,
        0.9436,
        0.9438,
        0.9424,
        0.9443,
        0.9456,
        0.9452,
        0.9485,
        0.9509,
        0.9522,
        0.9529,
        0.9534,
        0.9538
    ]
}