{
    "acc_t": [
        0.95915,
        0.97985,
        0.9847666666666667,
        0.98715,
        0.9889166666666667,
        0.9896,
        0.9906333333333334,
        0.9914,
        0.9922833333333333,
        0.9930833333333333,
        0.99345,
        0.9936666666666667,
        0.99425,
        0.9943833333333333,
        0.9945,
        0.99505,
        0.9953,
        0.9954666666666667,
        0.9959666666666667,
        0.99605
    ],
    "acc_e": [
        0.9379,
        0.9544,
        0.9621,
        0.9631,
        0.9646,
        0.9612,
        0.9609,
        0.9658,
        0.9658,
        0.9661,
        0.965,
        0.9653,
        0.9635,
        0.9649,
        0.9694,
        0.9657,
        0.967,
        0.967,
        0.9694,
        0.9679
    ]
}