{
    "acc_t": [
        0.9574166666666667,
        0.9713666666666667,
        0.9751,
        0.9785333333333334,
        0.98245,
        0.9846666666666667,
        0.9864333333333334,
        0.9876166666666667,
        0.9891333333333333,
        0.9905333333333334,
        0.99155,
        0.9920666666666667,
        0.99265,
        0.9935333333333334,
        0.9939166666666667,
        0.9941833333333333,
        0.9948166666666667,
        0.99515,
        0.9955,
        0.9957
    ],
    "acc_e": [
        0.9297,
        0.9327,
        0.9389,
        0.9487,
        0.9485,
        0.9535,
        0.9542,
        0.9588,
        0.959,
        0.9611,
        0.9621,
        0.964,
        0.964,
        0.9636,
        0.9641,
        0.966,
        0.9668,
        0.9642,
        0.9657,
        0.9641
    ]
}