{
    "acc_t": [
        0.9031333333333333,
        0.9300833333333334,
        0.9362166666666667,
        0.9400333333333334,
        0.9426,
        0.9437166666666666,
        0.94485,
        0.9461666666666667,
        0.9479,
        0.9494333333333334,
        0.95075,
        0.9523333333333334,
        0.9544166666666667,
        0.9558833333333333,
        0.95745,
        0.9586833333333333,
        0.9603166666666667,
        0.9612833333333334,
        0.9621666666666666,
        0.9624833333333334
    ],
    "acc_e": [
        0.9134,
        0.9172,
        0.9196,
        0.9218,
        0.9203,
        0.9203,
        0.9224,
        0.9232,
        0.9237,
        0.9258,
        0.9275,
        0.9288,
        0.9318,
        0.934,
        0.9329,
        0.9343,
        0.9351,
        0.9368,
        0.938,
        0.9379
    ]
}