{
    "acc_t": [
        0.89465,
        0.9210666666666667,
        0.9277333333333333,
        0.9311666666666667,
        0.9336833333333333,
        0.9363166666666667,
        0.93795,
        0.9392,
        0.9400333333333334,
        0.9408333333333333,
        0.9417833333333333,
        0.9428833333333333,
        0.9434833333333333,
        0.9448,
        0.94565,
        0.9454833333333333,
        0.9463,
        0.946,
        0.9467166666666667,
        0.94765
    ],
    "acc_e": [
        0.9023,
        0.914,
        0.9195,
        0.9217,
        0.9221,
        0.9257,
        0.92,
        0.9255,
        0.926,
        0.9282,
        0.9286,
        0.9299,
        0.934,
        0.9315,
        0.9316,
        0.9338,
        0.9316,
        0.9314,
        0.9324,
        0.9358
    ]
}