{
    "acc_t": [
        0.8492,
        0.90215,
        0.9129,
        0.9206833333333333,
        0.9259333333333334,
        0.9311666666666667,
        0.9352666666666667,
        0.93965,
        0.9425,
        0.9443666666666667,
        0.94625,
        0.94835,
        0.9499333333333333,
        0.9519,
        0.9535333333333333,
        0.9545333333333333,
        0.9559166666666666,
        0.95705,
        0.95815,
        0.95915
    ],
    "acc_e": [
        0.8885,
        0.9016,
        0.9096,
        0.9154,
        0.92,
        0.9241,
        0.9277,
        0.9299,
        0.934,
        0.9362,
        0.9395,
        0.94,
        0.9417,
        0.9425,
        0.9439,
        0.9455,
        0.9464,
        0.947,
        0.9491,
        0.9496
    ]
}