{
    "acc_t": [
        0.8958666666666667,
        0.9310833333333334,
        0.9456666666666667,
        0.9529333333333333,
        0.9570666666666666,
        0.9600333333333333,
        0.9629166666666666,
        0.9646666666666667,
        0.9668333333333333,
        0.9687666666666667,
        0.9698666666666667,
        0.9709666666666666,
        0.9718166666666667,
        0.9722833333333334,
        0.9727333333333333,
        0.9731833333333333,
        0.9735666666666667,
        0.9733166666666667,
        0.97445,
        0.9736333333333334
    ],
    "acc_e": [
        0.892,
        0.9198,
        0.9293,
        0.9345,
        0.9346,
        0.9356,
        0.9354,
        0.9341,
        0.9364,
        0.9346,
        0.9395,
        0.9408,
        0.9426,
        0.942,
        0.9406,
        0.9427,
        0.9432,
        0.9446,
        0.9442,
        0.9432
    ]
}