{
    "acc_t": [
        0.94275,
        0.9526,
        0.9559666666666666,
        0.9583833333333334,
        0.9598,
        0.9617,
        0.9624666666666667,
        0.9609166666666666,
        0.9622333333333334,
        0.9621,
        0.9619,
        0.9620166666666666,
        0.9623,
        0.9620333333333333,
        0.9616166666666667,
        0.9613666666666667,
        0.9616,
        0.9608666666666666,
        0.9615333333333334,
        0.96125
    ],
    "acc_e": [
        0.9155,
        0.9267,
        0.929,
        0.9286,
        0.931,
        0.9288,
        0.9279,
        0.9225,
        0.9243,
        0.9321,
        0.9314,
        0.9318,
        0.9286,
        0.9271,
        0.9269,
        0.9202,
        0.9262,
        0.9289,
        0.9177,
        0.9273
    ]
}