{
    "acc_t": [
        0.9630833333333333,
        0.9807,
        0.9877,
        0.99075,
        0.9919166666666667,
        0.9930333333333333,
        0.99365,
        0.9949833333333333,
        0.9957,
        0.99625,
        0.9967333333333334,
        0.9973166666666666,
        0.9975166666666667,
        0.9978833333333333,
        0.9980166666666667,
        0.99815,
        0.9984666666666666,
        0.9986666666666667,
        0.99875,
        0.9989
    ],
    "acc_e": [
        0.9351,
        0.9502,
        0.957,
        0.9611,
        0.9589,
        0.9626,
        0.9678,
        0.9705,
        0.9691,
        0.9678,
        0.9684,
        0.9684,
        0.9699,
        0.97,
        0.9704,
        0.9698,
        0.9702,
        0.971,
        0.9728,
        0.9737
    ]
}