{
    "acc_t": [
        0.9278,
        0.9570833333333333,
        0.9692333333333333,
        0.97525,
        0.9791,
        0.9814833333333334,
        0.9829,
        0.984,
        0.9848,
        0.9855833333333334,
        0.9855166666666667,
        0.9858666666666667,
        0.9858,
        0.9854833333333334,
        0.98465,
        0.98435,
        0.9842,
        0.9837333333333333,
        0.9828166666666667,
        0.9824
    ],
    "acc_e": [
        0.9142,
        0.9324,
        0.9424,
        0.9485,
        0.953,
        0.9542,
        0.9574,
        0.9612,
        0.9607,
        0.9613,
        0.9618,
        0.9612,
        0.9608,
        0.9592,
        0.9586,
        0.9574,
        0.9575,
        0.9552,
        0.9546,
        0.9557
    ]
}