{
    "acc_t": [
        0.8842666666666666,
        0.9109666666666667,
        0.9126833333333333,
        0.9011833333333333,
        0.8967833333333334,
        0.8889,
        0.8707666666666667,
        0.8691833333333333,
        0.8658666666666667,
        0.8568333333333333,
        0.8492833333333333,
        0.8511333333333333,
        0.84815,
        0.8243,
        0.76645,
        0.7766166666666666,
        0.8253166666666667,
        0.8196833333333333,
        0.8137666666666666,
        0.8239833333333333
    ],
    "acc_e": [
        0.8833,
        0.897,
        0.8851,
        0.8802,
        0.8727,
        0.8547,
        0.8507,
        0.8569,
        0.8184,
        0.8124,
        0.8192,
        0.8372,
        0.8044,
        0.7892,
        0.705,
        0.766,
        0.7903,
        0.7628,
        0.7888,
        0.7718
    ]
}