{
    "acc_t": [
        0.9439166666666666,
        0.9662833333333334,
        0.9721666666666666,
        0.9751833333333333,
        0.9771333333333333,
        0.97955,
        0.9810833333333333,
        0.98225,
        0.9835666666666667,
        0.98525,
        0.9860666666666666,
        0.98695,
        0.9873,
        0.9880666666666666,
        0.9883333333333333,
        0.9888166666666667,
        0.98945,
        0.9897833333333333,
        0.9902333333333333,
        0.9909666666666667
    ],
    "acc_e": [
        0.9275,
        0.9436,
        0.951,
        0.9516,
        0.952,
        0.9566,
        0.9576,
        0.9589,
        0.9589,
        0.9552,
        0.9542,
        0.954,
        0.9523,
        0.9557,
        0.9556,
        0.9569,
        0.9581,
        0.9611,
        0.9616,
        0.9617
    ]
}