{
    "acc_t": [
        0.9156,
        0.9332,
        0.9379166666666666,
        0.9408166666666666,
        0.9415166666666667,
        0.9437166666666666,
        0.9447333333333333,
        0.9461166666666667,
        0.94795,
        0.9484666666666667,
        0.95035,
        0.9509,
        0.9521166666666666,
        0.95255,
        0.9529833333333333,
        0.9536333333333333,
        0.9539666666666666,
        0.9529833333333333,
        0.9543,
        0.9553666666666667
    ],
    "acc_e": [
        0.9062,
        0.918,
        0.9289,
        0.9251,
        0.9166,
        0.9285,
        0.9254,
        0.9295,
        0.9226,
        0.9236,
        0.9331,
        0.9262,
        0.9327,
        0.9321,
        0.9326,
        0.9342,
        0.9371,
        0.9319,
        0.9313,
        0.9371
    ]
}