{
    "acc_t": [
        0.90565,
        0.94205,
        0.9426833333333333,
        0.9323,
        0.9138,
        0.8917,
        0.8769166666666667,
        0.8517666666666667,
        0.8226666666666667,
        0.8167666666666666,
        0.8356333333333333,
        0.8484833333333334,
        0.8374666666666667,
        0.8418666666666667,
        0.82625,
        0.818,
        0.82635,
        0.8320666666666666,
        0.8367,
        0.8212
    ],
    "acc_e": [
        0.9129,
        0.9058,
        0.9064,
        0.882,
        0.8747,
        0.8476,
        0.839,
        0.7947,
        0.8086,
        0.7962,
        0.8116,
        0.8135,
        0.8024,
        0.7901,
        0.7706,
        0.7705,
        0.7684,
        0.7885,
        0.8114,
        0.7876
    ]
}