{
    "acc_t": [
        0.9649333333333333,
        0.97805,
        0.9823666666666667,
        0.9849,
        0.9867,
        0.9885166666666667,
        0.9899166666666667,
        0.991,
        0.9919666666666667,
        0.9927,
        0.9933166666666666,
        0.9938166666666667,
        0.9944833333333334,
        0.9949666666666667,
        0.9953166666666666,
        0.9956833333333334,
        0.9960166666666667,
        0.9962666666666666,
        0.9964166666666666,
        0.9967333333333334
    ],
    "acc_e": [
        0.9397,
        0.9418,
        0.9475,
        0.9522,
        0.9516,
        0.9556,
        0.9569,
        0.9591,
        0.962,
        0.9606,
        0.9619,
        0.9601,
        0.9614,
        0.9616,
        0.9624,
        0.9625,
        0.963,
        0.9631,
        0.9652,
        0.9653
    ]
}