{
    "acc_t": [
        0.9113,
        0.93595,
        0.94625,
        0.95325,
        0.9578166666666666,
        0.96145,
        0.9643666666666667,
        0.9666666666666667,
        0.9691833333333333,
        0.9710166666666666,
        0.9726833333333333,
        0.9742,
        0.9752166666666666,
        0.9764833333333334,
        0.9775333333333334,
        0.9781333333333333,
        0.9787833333333333,
        0.9794833333333334,
        0.9801666666666666,
        0.9805666666666667
    ],
    "acc_e": [
        0.9092,
        0.9222,
        0.9284,
        0.9342,
        0.9396,
        0.9425,
        0.9458,
        0.9479,
        0.9488,
        0.9515,
        0.9533,
        0.955,
        0.9563,
        0.9553,
        0.9549,
        0.9563,
        0.9579,
        0.9587,
        0.9587,
        0.9602
    ]
}