{
    "acc_t": [
        0.8503833333333334,
        0.9132,
        0.9207166666666666,
        0.9257666666666666,
        0.9292666666666667,
        0.9319666666666667,
        0.9334666666666667,
        0.9364,
        0.9380166666666667,
        0.9406,
        0.9426333333333333,
        0.9470166666666666,
        0.9504666666666667,
        0.9522333333333334,
        0.95475,
        0.95645,
        0.9576166666666667,
        0.9586,
        0.9597166666666667,
        0.96055
    ],
    "acc_e": [
        0.8945,
        0.9026,
        0.9071,
        0.9092,
        0.9118,
        0.9134,
        0.9178,
        0.9191,
        0.9199,
        0.9243,
        0.9276,
        0.9307,
        0.9334,
        0.9334,
        0.9326,
        0.9352,
        0.938,
        0.9391,
        0.9398,
        0.9421
    ]
}