{
    "acc_t": [
        0.9312,
        0.9562333333333334,
        0.9628666666666666,
        0.9666666666666667,
        0.9698333333333333,
        0.9708666666666667,
        0.972,
        0.97305,
        0.97405,
        0.9742833333333333,
        0.9753166666666667,
        0.9756833333333333,
        0.9749,
        0.9759333333333333,
        0.9760666666666666,
        0.9760333333333333,
        0.9770666666666666,
        0.9766166666666667,
        0.9774833333333334,
        0.9768833333333333
    ],
    "acc_e": [
        0.9265,
        0.923,
        0.9422,
        0.9431,
        0.9501,
        0.9427,
        0.9512,
        0.9508,
        0.9515,
        0.9501,
        0.9549,
        0.9542,
        0.9541,
        0.9502,
        0.9506,
        0.9518,
        0.9552,
        0.9594,
        0.9554,
        0.9564
    ]
}