{
    "acc_t": [
        0.7993166666666667,
        0.8187666666666666,
        0.8640833333333333,
        0.89445,
        0.9030333333333334,
        0.9103333333333333,
        0.9154666666666667,
        0.9176166666666666,
        0.9175333333333333,
        0.9177166666666666,
        0.9186333333333333,
        0.9196,
        0.9214,
        0.9235333333333333,
        0.9251833333333334,
        0.9268833333333333,
        0.9288666666666666,
        0.9292666666666667,
        0.9305333333333333,
        0.9312166666666667
    ],
    "acc_e": [
        0.8366,
        0.8484,
        0.8851,
        0.8936,
        0.9014,
        0.9019,
        0.9045,
        0.9029,
        0.9008,
        0.9026,
        0.9034,
        0.9052,
        0.9066,
        0.9103,
        0.9105,
        0.9095,
        0.9129,
        0.9117,
        0.9107,
        0.9109
    ]
}