{
    "acc_t": [
        0.91275,
        0.9364166666666667,
        0.94555,
        0.9513166666666667,
        0.9566666666666667,
        0.9604166666666667,
        0.9629666666666666,
        0.9652666666666667,
        0.9674666666666667,
        0.9690833333333333,
        0.9704666666666667,
        0.97155,
        0.9732666666666666,
        0.97405,
        0.97555,
        0.9763333333333334,
        0.9772666666666666,
        0.97795,
        0.9787,
        0.9796666666666667
    ],
    "acc_e": [
        0.914,
        0.9248,
        0.9309,
        0.9349,
        0.9369,
        0.9382,
        0.944,
        0.9468,
        0.9489,
        0.9524,
        0.9524,
        0.9547,
        0.9558,
        0.9566,
        0.959,
        0.9601,
        0.9603,
        0.9621,
        0.9628,
        0.964
    ]
}