{
    "acc_t": [
        0.9631833333333333,
        0.9791166666666666,
        0.9838666666666667,
        0.9856833333333334,
        0.9872833333333333,
        0.9887833333333333,
        0.9897166666666667,
        0.9906,
        0.9914166666666666,
        0.99205,
        0.993,
        0.9936666666666667,
        0.9942833333333333,
        0.9944833333333334,
        0.9951833333333333,
        0.9953833333333333,
        0.9956,
        0.9960666666666667,
        0.9962666666666666,
        0.9965333333333334
    ],
    "acc_e": [
        0.9232,
        0.9461,
        0.9482,
        0.951,
        0.955,
        0.9565,
        0.956,
        0.956,
        0.9627,
        0.9619,
        0.9645,
        0.9628,
        0.9643,
        0.9662,
        0.9663,
        0.9668,
        0.9665,
        0.9643,
        0.9656,
        0.9667
    ]
}