{
    "acc_t": [
        0.90735,
        0.93385,
        0.9428333333333333,
        0.9476666666666667,
        0.95115,
        0.9532166666666667,
        0.9549833333333333,
        0.9562666666666667,
        0.9567,
        0.9568833333333333,
        0.95745,
        0.9585166666666667,
        0.9586333333333333,
        0.9584166666666667,
        0.9585,
        0.9585166666666667,
        0.9588333333333333,
        0.9593333333333334,
        0.9596333333333333,
        0.9593666666666667
    ],
    "acc_e": [
        0.9041,
        0.9184,
        0.9225,
        0.9296,
        0.9331,
        0.935,
        0.9351,
        0.9365,
        0.9383,
        0.9371,
        0.9365,
        0.9357,
        0.9345,
        0.9342,
        0.9365,
        0.9395,
        0.9387,
        0.9389,
        0.9401,
        0.9397
    ]
}