{
    "acc_t": [
        0.9045833333333333,
        0.9354833333333333,
        0.9478666666666666,
        0.9547,
        0.95935,
        0.9629,
        0.9656166666666667,
        0.9678,
        0.9694166666666667,
        0.9709333333333333,
        0.9718,
        0.9731166666666666,
        0.97425,
        0.9752833333333333,
        0.9761833333333333,
        0.977,
        0.9777833333333333,
        0.9788,
        0.97915,
        0.9798
    ],
    "acc_e": [
        0.9129,
        0.925,
        0.9362,
        0.9433,
        0.9461,
        0.9512,
        0.9541,
        0.9544,
        0.9548,
        0.9564,
        0.9575,
        0.957,
        0.9579,
        0.9585,
        0.9603,
        0.9597,
        0.9608,
        0.9611,
        0.961,
        0.9616
    ]
}