{
    "acc_t": [
        0.9700333333333333,
        0.9844666666666667,
        0.9905666666666667,
        0.9936333333333334,
        0.9951166666666666,
        0.9963333333333333,
        0.9972166666666666,
        0.9979,
        0.99815,
        0.9985166666666667,
        0.9989,
        0.9990666666666667,
        0.99925,
        0.9995,
        0.9995,
        0.9995,
        0.9996833333333334,
        0.9996333333333334,
        0.9996833333333334,
        0.9997833333333334
    ],
    "acc_e": [
        0.9464,
        0.9555,
        0.9606,
        0.9637,
        0.9629,
        0.967,
        0.9685,
        0.9691,
        0.9695,
        0.9689,
        0.9696,
        0.9697,
        0.9694,
        0.9698,
        0.9701,
        0.9712,
        0.9723,
        0.9711,
        0.9714,
        0.9721
    ]
}