{
    "acc_t": [
        0.9622333333333334,
        0.9745666666666667,
        0.9780666666666666,
        0.98055,
        0.98185,
        0.9828833333333333,
        0.9836166666666667,
        0.9847666666666667,
        0.98565,
        0.9864333333333334,
        0.98725,
        0.9880833333333333,
        0.9884,
        0.98855,
        0.9891666666666666,
        0.98965,
        0.9901166666666666,
        0.99045,
        0.99085,
        0.9910166666666667
    ],
    "acc_e": [
        0.9313,
        0.94,
        0.9411,
        0.9449,
        0.9468,
        0.949,
        0.9471,
        0.9481,
        0.9522,
        0.9503,
        0.9523,
        0.9439,
        0.9475,
        0.9503,
        0.9525,
        0.9532,
        0.9525,
        0.9552,
        0.9563,
        0.9558
    ]
}