{
    "acc_t": [
        0.85915,
        0.9108666666666667,
        0.92195,
        0.9285666666666667,
        0.9341833333333334,
        0.9382333333333334,
        0.9415,
        0.9443666666666667,
        0.9459166666666666,
        0.94795,
        0.9502666666666667,
        0.9508166666666666,
        0.95185,
        0.95335,
        0.9553666666666667,
        0.9550333333333333,
        0.9558833333333333,
        0.95695,
        0.9572666666666667,
        0.9590833333333333
    ],
    "acc_e": [
        0.9011,
        0.9111,
        0.9219,
        0.9278,
        0.9296,
        0.9348,
        0.9352,
        0.9379,
        0.9406,
        0.9421,
        0.9409,
        0.9435,
        0.9496,
        0.9505,
        0.9511,
        0.9486,
        0.9489,
        0.9484,
        0.948,
        0.9503
    ]
}