{
    "acc_t": [
        0.8791166666666667,
        0.9077166666666666,
        0.9041166666666667,
        0.8850666666666667,
        0.8375833333333333,
        0.82345,
        0.8278833333333333,
        0.7968833333333334,
        0.8150833333333334,
        0.8162833333333334,
        0.81375,
        0.79495,
        0.7798,
        0.7844,
        0.7993833333333333,
        0.7969,
        0.8191833333333334,
        0.8144166666666667,
        0.7794,
        0.7789333333333334
    ],
    "acc_e": [
        0.8891,
        0.8809,
        0.8684,
        0.8313,
        0.798,
        0.7706,
        0.7821,
        0.7773,
        0.7765,
        0.7957,
        0.7562,
        0.7752,
        0.6969,
        0.7553,
        0.747,
        0.7491,
        0.7797,
        0.7566,
        0.7001,
        0.7296
    ]
}