{
    "acc_t": [
        0.9379,
        0.9634833333333334,
        0.9690333333333333,
        0.9745666666666667,
        0.9786,
        0.9807333333333333,
        0.9821333333333333,
        0.9834333333333334,
        0.98485,
        0.9858666666666667,
        0.9866333333333334,
        0.98745,
        0.9880666666666666,
        0.9886166666666667,
        0.9890833333333333,
        0.9896166666666667,
        0.9903666666666666,
        0.9906833333333334,
        0.9911666666666666,
        0.9913166666666666
    ],
    "acc_e": [
        0.9109,
        0.9224,
        0.9245,
        0.9336,
        0.9352,
        0.9388,
        0.9404,
        0.9408,
        0.942,
        0.9453,
        0.9449,
        0.9436,
        0.9464,
        0.9476,
        0.9483,
        0.9508,
        0.9493,
        0.9527,
        0.9515,
        0.9505
    ]
}