{
    "acc_t": [
        0.8958,
        0.9232,
        0.9312833333333334,
        0.93585,
        0.9406166666666667,
        0.9436833333333333,
        0.9469166666666666,
        0.9494,
        0.9513,
        0.9527,
        0.9550833333333333,
        0.9556,
        0.957,
        0.9582,
        0.9592,
        0.9600333333333333,
        0.9612833333333334,
        0.962,
        0.9627666666666667,
        0.9635333333333334
    ],
    "acc_e": [
        0.9022,
        0.9146,
        0.9213,
        0.9266,
        0.9291,
        0.9311,
        0.9356,
        0.9364,
        0.939,
        0.9399,
        0.9403,
        0.9411,
        0.9412,
        0.9434,
        0.9441,
        0.9441,
        0.9455,
        0.9463,
        0.9469,
        0.9461
    ]
}