{
    "acc_t": [
        0.90885,
        0.935,
        0.94525,
        0.9512166666666667,
        0.9557166666666667,
        0.9596666666666667,
        0.9628166666666667,
        0.96525,
        0.9673833333333334,
        0.9687666666666667,
        0.9708333333333333,
        0.9724333333333334,
        0.9737,
        0.975,
        0.9760333333333333,
        0.97675,
        0.9778833333333333,
        0.9783,
        0.9788,
        0.9794166666666667
    ],
    "acc_e": [
        0.9057,
        0.9287,
        0.9362,
        0.9421,
        0.9465,
        0.9491,
        0.9512,
        0.952,
        0.9542,
        0.955,
        0.9565,
        0.9579,
        0.959,
        0.9604,
        0.9609,
        0.9625,
        0.963,
        0.9643,
        0.9644,
        0.9644
    ]
}