{
    "acc_t": [
        0.9335,
        0.96525,
        0.9738166666666667,
        0.9784833333333334,
        0.9799,
        0.9805333333333334,
        0.9812833333333333,
        0.9821,
        0.9825166666666667,
        0.9830333333333333,
        0.9833333333333333,
        0.9821666666666666,
        0.9825,
        0.983,
        0.9832833333333333,
        0.9837166666666667,
        0.9837166666666667,
        0.9845166666666667,
        0.9847333333333333,
        0.9849333333333333
    ],
    "acc_e": [
        0.9172,
        0.935,
        0.9437,
        0.9477,
        0.9468,
        0.9488,
        0.9504,
        0.9505,
        0.9506,
        0.9526,
        0.9479,
        0.9504,
        0.9522,
        0.9511,
        0.9502,
        0.9496,
        0.9526,
        0.9502,
        0.9491,
        0.9527
    ]
}