{
    "acc_t": [
        0.96155,
        0.9792666666666666,
        0.9854,
        0.9887333333333334,
        0.9913666666666666,
        0.9933666666666666,
        0.9945666666666667,
        0.9953833333333333,
        0.9961166666666667,
        0.9966166666666667,
        0.9971,
        0.9974666666666666,
        0.9977,
        0.9981,
        0.9981833333333333,
        0.9984,
        0.9986166666666667,
        0.9986166666666667,
        0.9987666666666667,
        0.9988
    ],
    "acc_e": [
        0.9312,
        0.9434,
        0.9484,
        0.9562,
        0.9602,
        0.9628,
        0.9658,
        0.9684,
        0.9691,
        0.9707,
        0.9702,
        0.9698,
        0.9692,
        0.9681,
        0.9691,
        0.9688,
        0.9695,
        0.9695,
        0.9693,
        0.972
    ]
}