{
    "acc_t": [
        0.9670666666666666,
        0.98095,
        0.985,
        0.9875,
        0.9897833333333333,
        0.9912833333333333,
        0.9926,
        0.99335,
        0.9943,
        0.9950666666666667,
        0.9955166666666667,
        0.99625,
        0.9965666666666667,
        0.9969,
        0.9972666666666666,
        0.99765,
        0.99775,
        0.9981333333333333,
        0.9982333333333333,
        0.9984333333333333
    ],
    "acc_e": [
        0.9442,
        0.9454,
        0.9526,
        0.9578,
        0.9579,
        0.9601,
        0.9628,
        0.963,
        0.9643,
        0.9652,
        0.9643,
        0.9651,
        0.9668,
        0.9675,
        0.9681,
        0.9695,
        0.9704,
        0.9702,
        0.9697,
        0.9694
    ]
}