{
    "acc_t": [
        0.8612666666666666,
        0.9035,
        0.91155,
        0.90535,
        0.8867666666666667,
        0.8675666666666667,
        0.8364333333333334,
        0.82895,
        0.8065333333333333,
        0.8147833333333333,
        0.8101666666666667,
        0.7992,
        0.80975,
        0.80085,
        0.7343333333333333,
        0.7244333333333334,
        0.6367166666666667,
        0.7513833333333333,
        0.7481833333333333,
        0.7640333333333333
    ],
    "acc_e": [
        0.8733,
        0.8775,
        0.8812,
        0.8718,
        0.8535,
        0.8269,
        0.8115,
        0.7746,
        0.7745,
        0.8011,
        0.7697,
        0.7589,
        0.8034,
        0.7018,
        0.6186,
        0.6238,
        0.6697,
        0.7054,
        0.7268,
        0.7346
    ]
}