{
    "acc_t": [
        0.8951166666666667,
        0.9308833333333333,
        0.9408166666666666,
        0.9472333333333334,
        0.9504,
        0.95425,
        0.9564333333333334,
        0.95905,
        0.9607166666666667,
        0.9608333333333333,
        0.9620333333333333,
        0.9637166666666667,
        0.9641666666666666,
        0.9646,
        0.9648833333333333,
        0.9661,
        0.9661833333333333,
        0.9675,
        0.96755,
        0.9672833333333334
    ],
    "acc_e": [
        0.9178,
        0.9311,
        0.9359,
        0.9412,
        0.9458,
        0.9466,
        0.9479,
        0.9461,
        0.9488,
        0.9423,
        0.9544,
        0.9511,
        0.9545,
        0.9505,
        0.955,
        0.9586,
        0.956,
        0.9565,
        0.9564,
        0.9563
    ]
}