{
    "acc_t": [
        0.9428666666666666,
        0.9534166666666667,
        0.95695,
        0.9605333333333334,
        0.9617333333333333,
        0.9619,
        0.9625333333333334,
        0.9624666666666667,
        0.9643833333333334,
        0.96465,
        0.9649166666666666,
        0.9651833333333333,
        0.9651666666666666,
        0.9662166666666666,
        0.9656166666666667,
        0.9653166666666667,
        0.96565,
        0.9652666666666667,
        0.9648333333333333,
        0.9658833333333333
    ],
    "acc_e": [
        0.9206,
        0.9264,
        0.9247,
        0.9304,
        0.9287,
        0.9321,
        0.9336,
        0.9311,
        0.9319,
        0.9277,
        0.9231,
        0.9395,
        0.9237,
        0.9355,
        0.9332,
        0.9245,
        0.9382,
        0.9308,
        0.9346,
        0.9315
    ]
}