{
    "acc_t": [
        0.87025,
        0.8927333333333334,
        0.8939833333333334,
        0.87845,
        0.8492,
        0.8300333333333333,
        0.8334166666666667,
        0.8479833333333333,
        0.8273666666666667,
        0.8294,
        0.8273,
        0.8201166666666667,
        0.81655,
        0.8071166666666667,
        0.78065,
        0.77135,
        0.7558166666666667,
        0.7580833333333333,
        0.7734166666666666,
        0.7883
    ],
    "acc_e": [
        0.8683,
        0.8737,
        0.8611,
        0.8309,
        0.7775,
        0.7804,
        0.8125,
        0.8113,
        0.7805,
        0.7739,
        0.7809,
        0.7637,
        0.7856,
        0.779,
        0.738,
        0.7547,
        0.7023,
        0.7549,
        0.7589,
        0.7714
    ]
}