{
    "acc_t": [
        0.9011333333333333,
        0.95,
        0.9625333333333334,
        0.9687166666666667,
        0.97155,
        0.9743833333333334,
        0.97665,
        0.9781166666666666,
        0.9793333333333333,
        0.9807333333333333,
        0.9821333333333333,
        0.9825166666666667,
        0.9836833333333334,
        0.9843833333333334,
        0.9852333333333333,
        0.9857166666666667,
        0.9862833333333333,
        0.9867166666666667,
        0.9871833333333333,
        0.9874666666666667
    ],
    "acc_e": [
        0.9114,
        0.9345,
        0.9368,
        0.9456,
        0.9454,
        0.9486,
        0.9463,
        0.9487,
        0.9518,
        0.9535,
        0.9546,
        0.9558,
        0.9566,
        0.9549,
        0.9569,
        0.957,
        0.9583,
        0.9597,
        0.9598,
        0.9586
    ]
}