{
    "acc_t": [
        0.96675,
        0.9830666666666666,
        0.9881333333333333,
        0.9908333333333333,
        0.9928833333333333,
        0.9941166666666666,
        0.99525,
        0.996,
        0.9963833333333333,
        0.9971,
        0.9973833333333333,
        0.9977166666666667,
        0.99815,
        0.9983333333333333,
        0.9986,
        0.99875,
        0.99895,
        0.999,
        0.9990833333333333,
        0.9991666666666666
    ],
    "acc_e": [
        0.9383,
        0.9585,
        0.9625,
        0.9665,
        0.9682,
        0.9674,
        0.9669,
        0.9668,
        0.9671,
        0.9681,
        0.9683,
        0.9689,
        0.9697,
        0.9709,
        0.9724,
        0.9734,
        0.9731,
        0.9733,
        0.9732,
        0.9741
    ]
}