{
    "acc_t": [
        0.88545,
        0.90745,
        0.9198166666666666,
        0.9189833333333334,
        0.9176333333333333,
        0.90375,
        0.8892166666666667,
        0.8710833333333333,
        0.869,
        0.8583833333333334,
        0.8556333333333334,
        0.85125,
        0.8121833333333334,
        0.8029,
        0.8098333333333333,
        0.8040833333333334,
        0.7961833333333334,
        0.7985333333333333,
        0.79795,
        0.8082833333333334
    ],
    "acc_e": [
        0.8778,
        0.875,
        0.8735,
        0.8755,
        0.8746,
        0.8573,
        0.8261,
        0.8133,
        0.8252,
        0.8076,
        0.8325,
        0.799,
        0.7362,
        0.7393,
        0.7691,
        0.7663,
        0.7659,
        0.7385,
        0.7255,
        0.7582
    ]
}