{
    "acc_t": [
        0.9166833333333333,
        0.96015,
        0.9694833333333334,
        0.9747833333333333,
        0.97855,
        0.9810833333333333,
        0.9823833333333334,
        0.9836166666666667,
        0.9850833333333333,
        0.9864833333333334,
        0.9870166666666667,
        0.9881166666666666,
        0.9887833333333333,
        0.9894333333333334,
        0.9901833333333333,
        0.9905833333333334,
        0.9908666666666667,
        0.9909,
        0.9914166666666666,
        0.9919666666666667
    ],
    "acc_e": [
        0.9277,
        0.9352,
        0.9396,
        0.9459,
        0.9471,
        0.9499,
        0.9541,
        0.9495,
        0.9532,
        0.9548,
        0.9575,
        0.9615,
        0.9597,
        0.9598,
        0.9615,
        0.9623,
        0.9636,
        0.9628,
        0.963,
        0.9623
    ]
}