{
    "acc_t": [
        0.9662666666666667,
        0.9806166666666667,
        0.98695,
        0.9898666666666667,
        0.99165,
        0.9931333333333333,
        0.9944333333333333,
        0.9951833333333333,
        0.9960666666666667,
        0.9966333333333334,
        0.9970166666666667,
        0.9975333333333334,
        0.9979333333333333,
        0.9981166666666667,
        0.9984166666666666,
        0.9985333333333334,
        0.9985666666666667,
        0.9988333333333334,
        0.99905,
        0.9991833333333333
    ],
    "acc_e": [
        0.9416,
        0.9483,
        0.9594,
        0.9618,
        0.9638,
        0.9659,
        0.9667,
        0.9673,
        0.9701,
        0.9711,
        0.9689,
        0.9707,
        0.9718,
        0.9715,
        0.9726,
        0.9724,
        0.9737,
        0.9732,
        0.9716,
        0.9728
    ]
}