{
    "acc_t": [
        0.9067666666666667,
        0.93955,
        0.9532833333333334,
        0.9598833333333333,
        0.96565,
        0.9678166666666667,
        0.9699833333333333,
        0.9712333333333333,
        0.9732166666666666,
        0.9745666666666667,
        0.9759166666666667,
        0.9773,
        0.9778166666666667,
        0.9788166666666667,
        0.9794833333333334,
        0.9804166666666667,
        0.981,
        0.9818,
        0.9823166666666666,
        0.9831166666666666
    ],
    "acc_e": [
        0.8979,
        0.9187,
        0.9305,
        0.9365,
        0.9392,
        0.9413,
        0.9433,
        0.9464,
        0.9471,
        0.9467,
        0.9435,
        0.9444,
        0.946,
        0.947,
        0.9472,
        0.9475,
        0.9455,
        0.9491,
        0.9498,
        0.9495
    ]
}