{
    "acc_t": [
        0.9245833333333333,
        0.9429333333333333,
        0.9469333333333333,
        0.9474166666666667,
        0.9504833333333333,
        0.9564666666666667,
        0.9605666666666667,
        0.9624,
        0.9649,
        0.966,
        0.96755,
        0.9686833333333333,
        0.9701166666666666,
        0.9705666666666667,
        0.9710833333333333,
        0.9721833333333333,
        0.9734833333333334,
        0.9735333333333334,
        0.9741833333333333,
        0.9746833333333333
    ],
    "acc_e": [
        0.91,
        0.9204,
        0.9205,
        0.9129,
        0.924,
        0.9244,
        0.9296,
        0.9282,
        0.9306,
        0.9326,
        0.9361,
        0.9378,
        0.9378,
        0.9411,
        0.9384,
        0.941,
        0.942,
        0.945,
        0.9431,
        0.9431
    ]
}