{
    "acc_t": [
        0.8920166666666667,
        0.9274333333333333,
        0.9398833333333333,
        0.9428,
        0.9399333333333333,
        0.9340333333333334,
        0.9332333333333334,
        0.93065,
        0.9285,
        0.93025,
        0.9299333333333333,
        0.9302,
        0.9296666666666666,
        0.9283,
        0.92885,
        0.9274166666666667,
        0.9288666666666666,
        0.9283833333333333,
        0.9291333333333334,
        0.92905
    ],
    "acc_e": [
        0.8826,
        0.9142,
        0.9187,
        0.9184,
        0.9035,
        0.9075,
        0.9075,
        0.8997,
        0.9004,
        0.902,
        0.9014,
        0.9073,
        0.9026,
        0.9073,
        0.9016,
        0.9023,
        0.8977,
        0.9019,
        0.8999,
        0.9014
    ]
}