{
    "acc_t": [
        0.9554333333333334,
        0.9728833333333333,
        0.97945,
        0.9814333333333334,
        0.9788833333333333,
        0.9817833333333333,
        0.983,
        0.98395,
        0.9845,
        0.9860166666666667,
        0.9866333333333334,
        0.9873166666666666,
        0.9881166666666666,
        0.9888833333333333,
        0.9898,
        0.9901,
        0.991,
        0.9915,
        0.9919666666666667,
        0.9919666666666667
    ],
    "acc_e": [
        0.92,
        0.944,
        0.9507,
        0.9404,
        0.9431,
        0.9462,
        0.9462,
        0.9462,
        0.9499,
        0.9512,
        0.9522,
        0.9523,
        0.9557,
        0.9547,
        0.9514,
        0.9534,
        0.9539,
        0.9525,
        0.9553,
        0.9533
    ]
}